sample_idx,iou_field,obj_precision,obj_recall,obj_f1
0,0.0,0.0,0.0,0.0
1,0.018632075471360084,0.24999993750001562,0.08333332638888948,0.12499960937609571
2,0.02701763865733847,0.0,0.0,0.0
3,0.003233939925395857,0.0,0.0,0.0
4,0.0,0.0,0.0,0.0
5,0.04498294485183464,0.1428571224489825,0.08333332638888948,0.10526268144249452
6,0.0,0.0,0.0,0.0
7,0.0,0.0,0.0,0.0
8,0.0,0.0,0.0,0.0
9,0.0,0.0,0.0,0.0
10,0.0,0.0,0.0,0.0
11,0.0,0.0,0.0,0.0
